1,$2a$10$bDCiNLe0xfT9P/G6hXlTr.Sg/Jh5m26oate2duN1WuJrLIfEZ0Au2,1
2,$2a$10$bDCiNLe0xfT9P/G6hXlTr.Sg/Jh5m26oate2duN1WuJrLIfEZ0Au2,2
3,$2a$10$bDCiNLe0xfT9P/G6hXlTr.Sg/Jh5m26oate2duN1WuJrLIfEZ0Au2,3
4,$2a$10$bDCiNLe0xfT9P/G6hXlTr.Sg/Jh5m26oate2duN1WuJrLIfEZ0Au2,4
5,$2a$10$bDCiNLe0xfT9P/G6hXlTr.Sg/Jh5m26oate2duN1WuJrLIfEZ0Au2,5
6,$2a$10$bDCiNLe0xfT9P/G6hXlTr.Sg/Jh5m26oate2duN1WuJrLIfEZ0Au2,6
7,$2a$10$bDCiNLe0xfT9P/G6hXlTr.Sg/Jh5m26oate2duN1WuJrLIfEZ0Au2,8
8,$2a$10$bDCiNLe0xfT9P/G6hXlTr.Sg/Jh5m26oate2duN1WuJrLIfEZ0Au2,9
9,$2a$10$bDCiNLe0xfT9P/G6hXlTr.Sg/Jh5m26oate2duN1WuJrLIfEZ0Au2,10
10,$2a$10$bDCiNLe0xfT9P/G6hXlTr.Sg/Jh5m26oate2duN1WuJrLIfEZ0Au2,11
11,$2a$10$bDCiNLe0xfT9P/G6hXlTr.Sg/Jh5m26oate2duN1WuJrLIfEZ0Au2,12
12,$2a$10$bDCiNLe0xfT9P/G6hXlTr.Sg/Jh5m26oate2duN1WuJrLIfEZ0Au2,13
13,$2a$10$bDCiNLe0xfT9P/G6hXlTr.Sg/Jh5m26oate2duN1WuJrLIfEZ0Au2,14
14,$2a$10$bDCiNLe0xfT9P/G6hXlTr.Sg/Jh5m26oate2duN1WuJrLIfEZ0Au2,15
15,$2a$10$bDCiNLe0xfT9P/G6hXlTr.Sg/Jh5m26oate2duN1WuJrLIfEZ0Au2,16
16,$2a$10$bDCiNLe0xfT9P/G6hXlTr.Sg/Jh5m26oate2duN1WuJrLIfEZ0Au2,17
17,$2a$10$bDCiNLe0xfT9P/G6hXlTr.Sg/Jh5m26oate2duN1WuJrLIfEZ0Au2,18
18,$2a$10$bDCiNLe0xfT9P/G6hXlTr.Sg/Jh5m26oate2duN1WuJrLIfEZ0Au2,19
19,$2a$10$bDCiNLe0xfT9P/G6hXlTr.Sg/Jh5m26oate2duN1WuJrLIfEZ0Au2,21
