1,John,Doe,john.doe@example.com,$2b$10$Vh.Q2kbsrW0A5QUN1hOMjeFzU./j4uz5s9tSL7uPiZ5wB.O4A1J5G,4
2,Jane,Smith,jane.smith@example.com,$2b$10$Vh.Q2kbsrW0A5QUN1hOMjeFzU./j4uz5s9tSL7uPiZ5wB.O4A1J5G,3
3,Michael,Johnson,michael.johnson@example.com,$2b$10$Vh.Q2kbsrW0A5QUN1hOMjeFzU./j4uz5s9tSL7uPiZ5wB.O4A1J5G,3
4,Emily,Davis,emily.davis@example.com,$2b$10$Vh.Q2kbsrW0A5QUN1hOMjeFzU./j4uz5s9tSL7uPiZ5wB.O4A1J5G,3
5,David,Martinez,david.martinez@example.com,$2b$10$Vh.Q2kbsrW0A5QUN1hOMjeFzU./j4uz5s9tSL7uPiZ5wB.O4A1J5G,3
6,Sarah,Brown,sarah.brown@example.com,$2b$10$Vh.Q2kbsrW0A5QUN1hOMjeFzU./j4uz5s9tSL7uPiZ5wB.O4A1J5G,3
7,Robert,Wilson,robert.wilson@example.com,$2b$10$Vh.Q2kbsrW0A5QUN1hOMjeFzU./j4uz5s9tSL7uPiZ5wB.O4A1J5G,1
8,Laura,Taylor,laura.taylor@example.com,$2b$10$Vh.Q2kbsrW0A5QUN1hOMjeFzU./j4uz5s9tSL7uPiZ5wB.O4A1J5G,1
9,Daniel,Anderson,daniel.anderson@example.com,$2b$10$Vh.Q2kbsrW0A5QUN1hOMjeFzU./j4uz5s9tSL7uPiZ5wB.O4A1J5G,1
10,Jessica,Thomas,jessica.thomas@example.com,$2b$10$Vh.Q2kbsrW0A5QUN1hOMjeFzU./j4uz5s9tSL7uPiZ5wB.O4A1J5G,1
11,James,Hernandez,james.hernandez@example.com,$2b$10$Vh.Q2kbsrW0A5QUN1hOMjeFzU./j4uz5s9tSL7uPiZ5wB.O4A1J5G,1
12,Karen,Moore,karen.moore@example.com,$2b$10$Vh.Q2kbsrW0A5QUN1hOMjeFzU./j4uz5s9tSL7uPiZ5wB.O4A1J5G,1
13,Richard,Martin,richard.martin@example.com,$2b$10$Vh.Q2kbsrW0A5QUN1hOMjeFzU./j4uz5s9tSL7uPiZ5wB.O4A1J5G,1
14,Maria,Jackson,maria.jackson@example.com,$2b$10$Vh.Q2kbsrW0A5QUN1hOMjeFzU./j4uz5s9tSL7uPiZ5wB.O4A1J5G,1
15,Charles,Lee,charles.lee@example.com,$2b$10$Vh.Q2kbsrW0A5QUN1hOMjeFzU./j4uz5s9tSL7uPiZ5wB.O4A1J5G,1
16,Nancy,Perez,nancy.perez@example.com,$2b$10$Vh.Q2kbsrW0A5QUN1hOMjeFzU./j4uz5s9tSL7uPiZ5wB.O4A1J5G,1
17,Christopher,Thompson,christopher.thompson@example.com,$2b$10$Vh.Q2kbsrW0A5QUN1hOMjeFzU./j4uz5s9tSL7uPiZ5wB.O4A1J5G,1
18,Linda,White,linda.white@example.com,$2b$10$Vh.Q2kbsrW0A5QUN1hOMjeFzU./j4uz5s9tSL7uPiZ5wB.O4A1J5G,1
19,Matthew,Harris,matthew.harris@example.com,$2b$10$Vh.Q2kbsrW0A5QUN1hOMjeFzU./j4uz5s9tSL7uPiZ5wB.O4A1J5G,1
20,Barbara,Sanchez,barbara.sanchez@example.com,$2b$10$Vh.Q2kbsrW0A5QUN1hOMjeFzU./j4uz5s9tSL7uPiZ5wB.O4A1J5G,1
21,Paul,Clark,paul.clark@example.com,$2b$10$Vh.Q2kbsrW0A5QUN1hOMjeFzU./j4uz5s9tSL7uPiZ5wB.O4A1J5G,1
